{"cameraMode":{"drawMode":0,"name":"Shaded","section":"Shading Mode"},"sceneLighting":false,"audioPlay":false,"sceneViewState":{"m_AlwaysRefresh":false,"showFog":true,"showSkybox":false,"showFlares":true,"showImageEffects":true,"showParticleSystems":true,"showVisualEffectGraphs":true,"m_FxEnabled":true},"in2DMode":false,"pivot":{"x":0.8539388179779053,"y":-2.5924181938171388,"z":-1.7484604120254517},"rotation":{"x":0.00317915016785264,"y":0.9879257082939148,"z":0.15354736149311067,"w":-0.02045227214694023},"size":2.7292866706848146,"orthographic":false}