{"cameraMode":{"drawMode":0,"name":"Shaded","section":"Shading Mode"},"sceneLighting":false,"audioPlay":false,"sceneViewState":{"m_AlwaysRefresh":false,"showFog":true,"showSkybox":false,"showFlares":true,"showImageEffects":true,"showParticleSystems":true,"showVisualEffectGraphs":true,"m_FxEnabled":true},"in2DMode":false,"pivot":{"x":1.377293586730957,"y":-4.9340996742248539,"z":2.5500001907348635},"rotation":{"x":-0.012161067686975003,"y":0.975128710269928,"z":-0.21428218483924867,"w":-0.055348966270685199},"size":10.637532234191895,"orthographic":false}